{
  "src": [
    "mygameaudio.ogg",
    "mygameaudio.m4a",
    "mygameaudio.mp3",
    "mygameaudio.ac3"
  ],
  "sprite": {
    "Dagger_Hit1": [
      0,
      375.0113378684807
    ],
    "Dagger_Hit2": [
      2000,
      500
    ],
    "Dagger_Hit3": [
      4000,
      375.0113378684805
    ],
    "Dagger_Hit4": [
      6000,
      500
    ],
    "Dagger_Hit5": [
      8000,
      500
    ],
    "Goblin_Dash1": [
      10000,
      1093.7641723356003
    ],
    "Goblin_Dash2": [
      13000,
      1000
    ],
    "Goblin_Death1": [
      15000,
      1312.5170068027217
    ],
    "Goblin_Death2": [
      18000,
      1187.5056689342393
    ],
    "Goblin_Death3": [
      21000,
      1468.7528344671214
    ],
    "Goblin_Hit1": [
      24000,
      406.2585034013608
    ],
    "Goblin_Hit2": [
      26000,
      687.5056689342393
    ],
    "Goblin_Hit3": [
      28000,
      437.50566893423934
    ],
    "Goblin_Hit4": [
      30000,
      656.2585034013608
    ],
    "Goblin_What1": [
      32000,
      1710.7936507936472
    ],
    "Goblin_What2": [
      35000,
      2470.680272108844
    ],
    "Goblin_What3": [
      39000,
      1353.3333333333317
    ],
    "Hero_Death1": [
      42000,
      1406.258503401361
    ],
    "Hero_Death2": [
      45000,
      1593.7641723356037
    ],
    "Hero_Death3": [
      48000,
      1562.5170068027217
    ],
    "Hero_Heal": [
      51000,
      1265.6462585034021
    ],
    "Hero_Hit1": [
      54000,
      250
    ],
    "Hero_Hit2": [
      56000,
      531.2698412698396
    ],
    "Hero_Hit3": [
      58000,
      562.5170068027217
    ],
    "Hero_Hit4": [
      60000,
      625.0113378684787
    ],
    "Hero_Hit5": [
      62000,
      562.5170068027217
    ],
    "Hero_Inspire1": [
      64000,
      1578.1405895691591
    ],
    "Hero_Inspire2": [
      67000,
      1578.1405895691591
    ],
    "Hero_What1": [
      70000,
      750
    ],
    "Hero_What2": [
      72000,
      1187.505668934236
    ],
    "Hero_What3": [
      75000,
      1562.5170068027217
    ],
    "Hero_What4": [
      78000,
      1000
    ],
    "Sword_Hit1": [
      80000,
      500
    ],
    "Sword_Hit2": [
      82000,
      437.5056689342358
    ],
    "Sword_Hit3": [
      84000,
      453.1292517006733
    ],
    "Sword_Hit4": [
      86000,
      515.646258503395
    ],
    "Axe_Hit1": [
      88000,
      625.0113378684858
    ],
    "Axe_Hit2": [
      90000,
      281.26984126984667
    ],
    "Axe_Hit3": [
      92000,
      312.51700680272165
    ],
    "Axe_Hit4": [
      94000,
      406.2585034013608
    ],
    "Grunt_Death1": [
      96000,
      1437.505668934236
    ],
    "Grunt_Death2": [
      99000,
      1296.8934240362842
    ],
    "Grunt_Death3": [
      102000,
      1625.011337868486
    ],
    "Grunt_Hit1": [
      105000,
      500
    ],
    "Grunt_Hit2": [
      107000,
      343.76417233559664
    ],
    "Grunt_Hit3": [
      109000,
      562.5170068027217
    ],
    "Grunt_Hit4": [
      111000,
      500
    ],
    "Grunt_Strong_Attack1": [
      113000,
      1000
    ],
    "Grunt_Strong_Attack2": [
      115000,
      1437.505668934236
    ],
    "Grunt_Strong_Attack3": [
      118000,
      1250
    ],
    "Grunt_Strong_Charge1": [
      121000,
      1000
    ],
    "Grunt_Strong_Charge2": [
      123000,
      1062.5170068027217
    ],
    "Grunt_Strong_Charge3": [
      126000,
      1156.258503401361
    ],
    "Grunt_Warcry": [
      129000,
      2625.011337868472
    ],
    "Grunt_WarcryRaw": [
      133000,
      2625.011337868472
    ],
    "Grunt_What1": [
      137000,
      687.50566893425
    ],
    "Grunt_What2": [
      139000,
      2093.7641723355964
    ],
    "Grunt_What3": [
      143000,
      1125.0113378684716
    ],
    "Grunt_What4": [
      146000,
      1500
    ],
    "Slime_Attack1": [
      149000,
      1218.752834467125
    ],
    "Slime_Attack2": [
      152000,
      875.0113378684716
    ],
    "Slime_Death1": [
      154000,
      718.752834467125
    ],
    "Slime_Death2": [
      156000,
      1156.2585034013466
    ],
    "Slime_Death3": [
      159000,
      1156.2585034013466
    ],
    "Slime_Duplicate1": [
      162000,
      1500
    ],
    "Slime_Duplicate2": [
      165000,
      875.0113378684716
    ],
    "Slime_Hit": [
      167000,
      312.51700680272165
    ],
    "Slime_What1": [
      169000,
      578.1405895691591
    ],
    "Slime_What2": [
      171000,
      468.752834467125
    ],
    "Slime_What3": [
      173000,
      500
    ],
    "Slime_What4": [
      175000,
      437.50566893425
    ]
  }
}